<xml xmlns:o="urn:schemas-microsoft-com:office:office">
 <o:MainFile HRef="../Проектирование%20устройств%20сопряжения.htm"/>
 <o:File HRef="image001.png"/>
 <o:File HRef="image002.gif"/>
 <o:File HRef="image003.png"/>
 <o:File HRef="image004.gif"/>
 <o:File HRef="image005.png"/>
 <o:File HRef="image006.gif"/>
 <o:File HRef="image007.png"/>
 <o:File HRef="image008.gif"/>
 <o:File HRef="image009.png"/>
 <o:File HRef="image010.gif"/>
 <o:File HRef="image011.png"/>
 <o:File HRef="image012.gif"/>
 <o:File HRef="image013.png"/>
 <o:File HRef="image014.gif"/>
 <o:File HRef="image015.png"/>
 <o:File HRef="image016.gif"/>
 <o:File HRef="image017.png"/>
 <o:File HRef="image018.gif"/>
 <o:File HRef="image019.png"/>
 <o:File HRef="image020.gif"/>
 <o:File HRef="image021.png"/>
 <o:File HRef="image022.gif"/>
 <o:File HRef="image023.png"/>
 <o:File HRef="image024.gif"/>
 <o:File HRef="image025.png"/>
 <o:File HRef="image026.gif"/>
 <o:File HRef="image027.png"/>
 <o:File HRef="image028.gif"/>
 <o:File HRef="image029.png"/>
 <o:File HRef="image030.gif"/>
 <o:File HRef="image031.png"/>
 <o:File HRef="image032.gif"/>
 <o:File HRef="image033.png"/>
 <o:File HRef="image034.gif"/>
 <o:File HRef="image035.png"/>
 <o:File HRef="image036.gif"/>
 <o:File HRef="image037.png"/>
 <o:File HRef="image038.gif"/>
 <o:File HRef="image039.png"/>
 <o:File HRef="image040.gif"/>
 <o:File HRef="image041.png"/>
 <o:File HRef="image042.gif"/>
 <o:File HRef="image043.png"/>
 <o:File HRef="image044.gif"/>
 <o:File HRef="image045.png"/>
 <o:File HRef="image046.gif"/>
 <o:File HRef="image047.png"/>
 <o:File HRef="image048.gif"/>
 <o:File HRef="image049.png"/>
 <o:File HRef="image050.gif"/>
 <o:File HRef="image051.png"/>
 <o:File HRef="image052.gif"/>
 <o:File HRef="image053.png"/>
 <o:File HRef="image054.gif"/>
 <o:File HRef="image055.png"/>
 <o:File HRef="image056.gif"/>
 <o:File HRef="image057.png"/>
 <o:File HRef="image058.gif"/>
 <o:File HRef="image059.png"/>
 <o:File HRef="image060.gif"/>
 <o:File HRef="image061.png"/>
 <o:File HRef="image062.gif"/>
 <o:File HRef="image063.png"/>
 <o:File HRef="image064.gif"/>
 <o:File HRef="image065.png"/>
 <o:File HRef="image066.gif"/>
 <o:File HRef="image067.png"/>
 <o:File HRef="image068.gif"/>
 <o:File HRef="image069.png"/>
 <o:File HRef="image070.gif"/>
 <o:File HRef="image071.png"/>
 <o:File HRef="image072.gif"/>
 <o:File HRef="image073.png"/>
 <o:File HRef="image074.gif"/>
 <o:File HRef="image075.png"/>
 <o:File HRef="image076.gif"/>
 <o:File HRef="image077.png"/>
 <o:File HRef="image078.gif"/>
 <o:File HRef="image079.png"/>
 <o:File HRef="image080.gif"/>
 <o:File HRef="image081.png"/>
 <o:File HRef="image082.gif"/>
 <o:File HRef="image083.png"/>
 <o:File HRef="image084.gif"/>
 <o:File HRef="image085.png"/>
 <o:File HRef="image086.gif"/>
 <o:File HRef="image087.png"/>
 <o:File HRef="image088.gif"/>
 <o:File HRef="image089.png"/>
 <o:File HRef="image090.gif"/>
 <o:File HRef="image091.png"/>
 <o:File HRef="image092.gif"/>
 <o:File HRef="image093.png"/>
 <o:File HRef="image094.gif"/>
 <o:File HRef="image095.png"/>
 <o:File HRef="image096.gif"/>
 <o:File HRef="image097.png"/>
 <o:File HRef="image098.gif"/>
 <o:File HRef="image099.png"/>
 <o:File HRef="image100.gif"/>
 <o:File HRef="image101.png"/>
 <o:File HRef="image102.gif"/>
 <o:File HRef="image103.png"/>
 <o:File HRef="image104.gif"/>
 <o:File HRef="image105.png"/>
 <o:File HRef="image106.gif"/>
 <o:File HRef="image107.png"/>
 <o:File HRef="image108.gif"/>
 <o:File HRef="image109.png"/>
 <o:File HRef="image110.gif"/>
 <o:File HRef="image111.png"/>
 <o:File HRef="image112.gif"/>
 <o:File HRef="image113.png"/>
 <o:File HRef="image114.gif"/>
 <o:File HRef="image115.png"/>
 <o:File HRef="image116.gif"/>
 <o:File HRef="image117.png"/>
 <o:File HRef="image118.gif"/>
 <o:File HRef="image119.png"/>
 <o:File HRef="image120.gif"/>
 <o:File HRef="image121.png"/>
 <o:File HRef="image122.gif"/>
 <o:File HRef="image123.png"/>
 <o:File HRef="image124.gif"/>
 <o:File HRef="image125.png"/>
 <o:File HRef="image126.gif"/>
 <o:File HRef="image127.png"/>
 <o:File HRef="image128.gif"/>
 <o:File HRef="image129.png"/>
 <o:File HRef="image130.gif"/>
 <o:File HRef="image131.png"/>
 <o:File HRef="image132.gif"/>
 <o:File HRef="image133.png"/>
 <o:File HRef="image134.gif"/>
 <o:File HRef="image135.png"/>
 <o:File HRef="image136.gif"/>
 <o:File HRef="image137.png"/>
 <o:File HRef="image138.gif"/>
 <o:File HRef="image139.png"/>
 <o:File HRef="image140.gif"/>
 <o:File HRef="image141.png"/>
 <o:File HRef="image142.gif"/>
 <o:File HRef="image143.png"/>
 <o:File HRef="image144.gif"/>
 <o:File HRef="image145.png"/>
 <o:File HRef="image146.gif"/>
 <o:File HRef="image147.png"/>
 <o:File HRef="image148.gif"/>
 <o:File HRef="image149.png"/>
 <o:File HRef="image150.gif"/>
 <o:File HRef="image151.png"/>
 <o:File HRef="image152.gif"/>
 <o:File HRef="image153.png"/>
 <o:File HRef="image154.gif"/>
 <o:File HRef="image155.png"/>
 <o:File HRef="image156.gif"/>
 <o:File HRef="image157.png"/>
 <o:File HRef="image158.gif"/>
 <o:File HRef="image159.png"/>
 <o:File HRef="image160.gif"/>
 <o:File HRef="image161.png"/>
 <o:File HRef="image162.gif"/>
 <o:File HRef="image163.png"/>
 <o:File HRef="image164.gif"/>
 <o:File HRef="image165.png"/>
 <o:File HRef="image166.gif"/>
 <o:File HRef="image167.png"/>
 <o:File HRef="image168.gif"/>
 <o:File HRef="image169.png"/>
 <o:File HRef="image170.gif"/>
 <o:File HRef="image171.png"/>
 <o:File HRef="image172.gif"/>
 <o:File HRef="image173.png"/>
 <o:File HRef="image174.gif"/>
 <o:File HRef="image175.png"/>
 <o:File HRef="image176.gif"/>
 <o:File HRef="image177.png"/>
 <o:File HRef="image178.gif"/>
 <o:File HRef="image179.png"/>
 <o:File HRef="image180.gif"/>
 <o:File HRef="image181.png"/>
 <o:File HRef="image182.gif"/>
 <o:File HRef="image183.png"/>
 <o:File HRef="image184.gif"/>
 <o:File HRef="image185.png"/>
 <o:File HRef="image186.gif"/>
 <o:File HRef="image187.png"/>
 <o:File HRef="image188.gif"/>
 <o:File HRef="image189.png"/>
 <o:File HRef="image190.gif"/>
 <o:File HRef="image191.png"/>
 <o:File HRef="image192.gif"/>
 <o:File HRef="filelist.xml"/>
</xml>